level,post_count,meta_posts,proper_posts,avg_base_score,stddev_base_score,avg_score,stddev_score
5,5242,2126,3116,37.47443723769553,48.529970114861314,0.07979341919451916,0.22490566590981587
12,5242,2126,3116,37.47443723769553,48.529970114861314,0.07979341919451916,0.22490566590981587
30,5242,2126,3116,37.47443723769553,48.529970114861314,0.07979341919451916,0.22490566590981587
60,5242,2126,3116,37.47443723769553,48.529970114861314,0.07979341919451916,0.22490566590981587
